{"cameraMode":{"drawMode":0,"name":"Shaded","section":"Shading Mode"},"sceneLighting":false,"audioPlay":false,"sceneViewState":{"m_AlwaysRefresh":false,"showFog":true,"showSkybox":false,"showFlares":true,"showImageEffects":true,"showParticleSystems":true,"showVisualEffectGraphs":true,"m_FxEnabled":true},"in2DMode":false,"pivot":{"x":-0.3529243469238281,"y":0.47275838255882265,"z":0.29336506128311159},"rotation":{"x":-0.02086285501718521,"y":0.9594894051551819,"z":-0.07383480668067932,"w":-0.2711237668991089},"size":1.3913064002990723,"orthographic":false}