{"cameraMode":{"drawMode":0,"name":"Shaded","section":"Shading Mode"},"sceneLighting":false,"audioPlay":false,"sceneViewState":{"m_AlwaysRefresh":false,"showFog":true,"showSkybox":false,"showFlares":true,"showImageEffects":true,"showParticleSystems":true,"showVisualEffectGraphs":true,"m_FxEnabled":true},"in2DMode":false,"pivot":{"x":-2.3355488777160646,"y":0.39668533205986025,"z":-2.897594690322876},"rotation":{"x":0.0756385326385498,"y":0.6885103583335877,"z":-0.07256422936916352,"w":0.7176250219345093},"size":0.35170823335647585,"orthographic":false}